{
  "config": {
    "binary_n_per_class": 60,
    "multi_n_per_class": 30,
    "batch_size": 48,
    "ridge": 0.001,
    "seed": 0,
    "device": "cpu",
    "supervised_weights": "torchvision ResNet18_Weights.IMAGENET1K_V1",
    "self_supervised_weights": "torch.hub facebookresearch/dino dino_vits16"
  },
  "results": [
    {
      "dataset": "cifar10_catvsdog",
      "representation": "raw_pixels",
      "classes": 2,
      "binary": true,
      "feature_dim": 3072,
      "test_tail_at_10pct": 0.7803435036685357,
      "test_tail_auc": 0.4443462848450937,
      "test_alignment": 0.0601768256187335,
      "test_mixing": 0.4633333333333333,
      "test_local_entropy": 0.8909109521495452,
      "test_graph_dirichlet": 0.9430063367664724,
      "test_graph_disagreement": 0.4715031683832362,
      "kernel_ridge": {
        "train_accuracy": 0.9916666666666667,
        "test_accuracy": 0.55,
        "train_margin_mean": 0.6547388350929045,
        "train_margin_median": 0.6735475100728521,
        "test_margin_mean": 0.07808294481363745,
        "test_margin_median": 0.11505480147159952,
        "rkhs_norm": 13.38599208459925,
        "source_norm": 39.62317525214006
      }
    },
    {
      "dataset": "cifar10_catvsdog",
      "representation": "imagenet_resnet18",
      "classes": 2,
      "binary": true,
      "feature_dim": 512,
      "test_tail_at_10pct": 0.4991046764288134,
      "test_tail_auc": 0.24085646072121464,
      "test_alignment": 0.19794604848831865,
      "test_mixing": 0.315,
      "test_local_entropy": 0.6995000742014158,
      "test_graph_dirichlet": 0.6305147326162551,
      "test_graph_disagreement": 0.31525736630812756,
      "kernel_ridge": {
        "train_accuracy": 1.0,
        "test_accuracy": 0.8333333333333334,
        "train_margin_mean": 0.8866962350427013,
        "train_margin_median": 0.8860976649928993,
        "test_margin_mean": 0.5663338833923107,
        "test_margin_median": 0.6785901599685729,
        "rkhs_norm": 9.18440076718217,
        "source_norm": 18.646524125442678
      }
    },
    {
      "dataset": "cifar10_catvsdog",
      "representation": "dino_vits16",
      "classes": 2,
      "binary": true,
      "feature_dim": 384,
      "test_tail_at_10pct": 0.3851277666248579,
      "test_tail_auc": 0.18383571397300363,
      "test_alignment": 0.2874216667877752,
      "test_mixing": 0.24,
      "test_local_entropy": 0.582821349960542,
      "test_graph_dirichlet": 0.4878152657845734,
      "test_graph_disagreement": 0.2439076328922867,
      "kernel_ridge": {
        "train_accuracy": 1.0,
        "test_accuracy": 0.8666666666666667,
        "train_margin_mean": 0.916118695228278,
        "train_margin_median": 0.9116533566533355,
        "test_margin_mean": 0.6155326180067134,
        "test_margin_median": 0.6035711961979578,
        "rkhs_norm": 7.927102450988396,
        "source_norm": 11.519372218605007
      }
    },
    {
      "dataset": "cifar10_automobilevstruck",
      "representation": "raw_pixels",
      "classes": 2,
      "binary": true,
      "feature_dim": 3072,
      "test_tail_at_10pct": 0.7489564252380607,
      "test_tail_auc": 0.39222584753619394,
      "test_alignment": 0.13864835738150666,
      "test_mixing": 0.42083333333333334,
      "test_local_entropy": 0.8081619848116909,
      "test_graph_dirichlet": 0.8306237542375199,
      "test_graph_disagreement": 0.41531187711875994,
      "kernel_ridge": {
        "train_accuracy": 1.0,
        "test_accuracy": 0.5333333333333333,
        "train_margin_mean": 0.7332174065340704,
        "train_margin_median": 0.7521374291555789,
        "test_margin_mean": 0.14645348450008788,
        "test_margin_median": 0.07152031878396681,
        "rkhs_norm": 12.647585142904324,
        "source_norm": 34.57822051106493
      }
    },
    {
      "dataset": "cifar10_automobilevstruck",
      "representation": "imagenet_resnet18",
      "classes": 2,
      "binary": true,
      "feature_dim": 512,
      "test_tail_at_10pct": 0.24153765626031887,
      "test_tail_auc": 0.13666229629490304,
      "test_alignment": 0.34108917362687396,
      "test_mixing": 0.19083333333333333,
      "test_local_entropy": 0.5297897879193223,
      "test_graph_dirichlet": 0.40311385944133593,
      "test_graph_disagreement": 0.20155692972066797,
      "kernel_ridge": {
        "train_accuracy": 1.0,
        "test_accuracy": 0.9166666666666666,
        "train_margin_mean": 0.9321999436401592,
        "train_margin_median": 0.9330615672779463,
        "test_margin_mean": 0.6607322522502822,
        "test_margin_median": 0.6310074246844352,
        "rkhs_norm": 7.346871125416514,
        "source_norm": 10.126670863773318
      }
    },
    {
      "dataset": "cifar10_automobilevstruck",
      "representation": "dino_vits16",
      "classes": 2,
      "binary": true,
      "feature_dim": 384,
      "test_tail_at_10pct": 0.24386417246234038,
      "test_tail_auc": 0.11502953760827564,
      "test_alignment": 0.3385860228060038,
      "test_mixing": 0.19833333333333333,
      "test_local_entropy": 0.5230087308797988,
      "test_graph_dirichlet": 0.4050137927345308,
      "test_graph_disagreement": 0.2025068963672654,
      "kernel_ridge": {
        "train_accuracy": 1.0,
        "test_accuracy": 0.95,
        "train_margin_mean": 0.9301249637812959,
        "train_margin_median": 0.9461965690855542,
        "test_margin_mean": 0.7389515955319931,
        "test_margin_median": 0.7471666180690755,
        "rkhs_norm": 7.254030015561151,
        "source_norm": 10.133129831778199
      }
    },
    {
      "dataset": "cifar10_all10",
      "representation": "raw_pixels",
      "classes": 10,
      "binary": false,
      "feature_dim": 3072,
      "test_tail_at_10pct": 0.7987875149569087,
      "test_tail_auc": 0.4379834201284721,
      "test_alignment": 0.12479458633195571,
      "test_mixing": 0.8,
      "test_local_entropy": 0.6296523190294432,
      "test_graph_dirichlet": 0.8926575199310719,
      "test_graph_disagreement": 0.8033917679379649,
      "kernel_ridge": {
        "train_accuracy": 0.9666666666666667,
        "test_accuracy": 0.2866666666666667,
        "train_margin_mean": 0.3169445322803196,
        "train_margin_median": 0.3277206638502633,
        "test_margin_mean": -0.11610922244383094,
        "test_margin_median": -0.10714426392828218,
        "source_norm": 67.64758878755163
      }
    },
    {
      "dataset": "cifar10_all10",
      "representation": "imagenet_resnet18",
      "classes": 10,
      "binary": false,
      "feature_dim": 512,
      "test_tail_at_10pct": 0.45574126660192005,
      "test_tail_auc": 0.23173510064515984,
      "test_alignment": 0.42065875994164936,
      "test_mixing": 0.468,
      "test_local_entropy": 0.41108871250038437,
      "test_graph_dirichlet": 0.5320562217962751,
      "test_graph_disagreement": 0.47885059961664767,
      "kernel_ridge": {
        "train_accuracy": 1.0,
        "test_accuracy": 0.77,
        "train_margin_mean": 0.6340956662099476,
        "train_margin_median": 0.6425387525517625,
        "test_margin_mean": 0.26233291875094517,
        "test_margin_median": 0.2632540526802252,
        "source_norm": 32.56990662728243
      }
    },
    {
      "dataset": "cifar10_all10",
      "representation": "dino_vits16",
      "classes": 10,
      "binary": false,
      "feature_dim": 384,
      "test_tail_at_10pct": 0.43167103421896613,
      "test_tail_auc": 0.20868383059327855,
      "test_alignment": 0.41547795120502523,
      "test_mixing": 0.454,
      "test_local_entropy": 0.41642530089414476,
      "test_graph_dirichlet": 0.5161253528363288,
      "test_graph_disagreement": 0.464512817552696,
      "kernel_ridge": {
        "train_accuracy": 1.0,
        "test_accuracy": 0.8066666666666666,
        "train_margin_mean": 0.6663023234463472,
        "train_margin_median": 0.6700619731306989,
        "test_margin_mean": 0.3113936583872641,
        "test_margin_median": 0.30558869914813347,