{
  "config": {
    "binary_n_per_class": 80,
    "multi_n_per_class": 40,
    "batch_size": 64,
    "ridge": 0.001,
    "seed": 0,
    "device": "cpu",
    "torchvision_weights": "ResNet18_Weights.IMAGENET1K_V1"
  },
  "results": [
    {
      "dataset": "cifar10_catvsdog",
      "representation": "raw_pixels",
      "classes": 2,
      "binary": true,
      "feature_dim": 3072,
      "test_tail_at_10pct": 0.8995302092669032,
      "test_tail_auc": 0.4739564463277938,
      "test_alignment": 0.03162687582037974,
      "test_mixing": 0.47875,
      "test_local_entropy": 0.9179717119391014,
      "test_graph_dirichlet": 0.9523420070451057,
      "test_graph_disagreement": 0.47617100352255287,
      "kernel_ridge": {
        "train_accuracy": 0.98125,
        "test_accuracy": 0.575,
        "train_margin_mean": 0.5933786699415455,
        "train_margin_median": 0.610845509581885,
        "test_margin_mean": 0.05403096951980872,
        "test_margin_median": 0.07297392149737225,
        "rkhs_norm": 12.50045661185914,
        "source_norm": 37.669459366366944
      }
    },
    {
      "dataset": "cifar10_catvsdog",
      "representation": "random_resnet18",
      "classes": 2,
      "binary": true,
      "feature_dim": 512,
      "test_tail_at_10pct": 0.8924474469483332,
      "test_tail_auc": 0.4866829205335693,
      "test_alignment": 0.026532196076872485,
      "test_mixing": 0.48625,
      "test_local_entropy": 0.9317011876377856,
      "test_graph_dirichlet": 0.9800849447460779,
      "test_graph_disagreement": 0.49004247237303894,
      "kernel_ridge": {
        "train_accuracy": 0.94375,
        "test_accuracy": 0.625,
        "train_margin_mean": 0.46060175927274843,
        "train_margin_median": 0.4471154575891445,
        "test_margin_mean": 0.10055390534402323,
        "test_margin_median": 0.1010690326186543,
        "rkhs_norm": 12.65625549514276,
        "source_norm": 76.52166708732959
      }
    },
    {
      "dataset": "cifar10_catvsdog",
      "representation": "imagenet_resnet18",
      "classes": 2,
      "binary": true,
      "feature_dim": 512,
      "test_tail_at_10pct": 0.45499934959039057,
      "test_tail_auc": 0.22528198011334905,
      "test_alignment": 0.20083882702891095,
      "test_mixing": 0.2825,
      "test_local_entropy": 0.6590431846365146,
      "test_graph_dirichlet": 0.5648973667042276,
      "test_graph_disagreement": 0.2824486833521138,
      "kernel_ridge": {
        "train_accuracy": 1.0,
        "test_accuracy": 0.79375,
        "train_margin_mean": 0.8451286000490269,
        "train_margin_median": 0.8410244794039646,
        "test_margin_mean": 0.493968839714307,
        "test_margin_median": 0.531673277522803,
        "rkhs_norm": 9.919965777615705,
        "source_norm": 16.992978326580946
      }
    },
    {
      "dataset": "cifar10_automobilevstruck",
      "representation": "raw_pixels",
      "classes": 2,
      "binary": true,
      "feature_dim": 3072,
      "test_tail_at_10pct": 0.7185524789459267,
      "test_tail_auc": 0.40112658142874374,
      "test_alignment": 0.07839134160354157,
      "test_mixing": 0.45625,
      "test_local_entropy": 0.8570697787941193,
      "test_graph_dirichlet": 0.9229385207624082,
      "test_graph_disagreement": 0.4614692603812041,
      "kernel_ridge": {
        "train_accuracy": 0.99375,
        "test_accuracy": 0.60625,
        "train_margin_mean": 0.6344433388675113,
        "train_margin_median": 0.6452187079057983,
        "test_margin_mean": 0.1469771915256583,
        "test_margin_median": 0.14042074388699066,
        "rkhs_norm": 13.211122895868126,
        "source_norm": 37.706799357742035
      }
    },
    {
      "dataset": "cifar10_automobilevstruck",
      "representation": "random_resnet18",
      "classes": 2,
      "binary": true,
      "feature_dim": 512,
      "test_tail_at_10pct": 0.6660173285279792,
      "test_tail_auc": 0.414546847124128,
      "test_alignment": 0.04267799839440305,
      "test_mixing": 0.473125,
      "test_local_entropy": 0.8590589703260072,
      "test_graph_dirichlet": 0.9973804833876604,
      "test_graph_disagreement": 0.4986902416938302,
      "kernel_ridge": {
        "train_accuracy": 0.9625,
        "test_accuracy": 0.6125,
        "train_margin_mean": 0.4990969252382829,
        "train_margin_median": 0.5042777492043277,
        "test_margin_mean": 0.19276430577251163,
        "test_margin_median": 0.15734132851594929,
        "rkhs_norm": 12.975199198758606,
        "source_norm": 62.07246703368532
      }
    },
    {
      "dataset": "cifar10_automobilevstruck",
      "representation": "imagenet_resnet18",
      "classes": 2,
      "binary": true,
      "feature_dim": 512,
      "test_tail_at_10pct": 0.2613546388018231,
      "test_tail_auc": 0.1302797869616715,
      "test_alignment": 0.342943315275803,
      "test_mixing": 0.191875,
      "test_local_entropy": 0.5003075869502605,
      "test_graph_dirichlet": 0.3937444520362178,
      "test_graph_disagreement": 0.1968722260181089,
      "kernel_ridge": {
        "train_accuracy": 1.0,
        "test_accuracy": 0.90625,
        "train_margin_mean": 0.9133106721408719,
        "train_margin_median": 0.9145074820812747,
        "test_margin_mean": 0.7051026599329844,
        "test_margin_median": 0.7409709231224935,
        "rkhs_norm": 7.541880271195129,
        "source_norm": 19.533052662117452
      }
    },
    {
      "dataset": "cifar10_all10",
      "representation": "raw_pixels",
      "classes": 10,
      "binary": false,
      "feature_dim": 3072,
      "test_tail_at_10pct": 0.7876538048184323,
      "test_tail_auc": 0.4354094940649911,
      "test_alignment": 0.1203064361240302,
      "test_mixing": 0.79375,
      "test_local_entropy": 0.6235807699727328,
      "test_graph_dirichlet": 0.8875915489171444,
      "test_graph_disagreement": 0.7988323940254302,
      "kernel_ridge": {
        "train_accuracy": 0.9375,
        "test_accuracy": 0.31,
        "train_margin_mean": 0.2342922144170234,
        "train_margin_median": 0.2299864510215177,
        "test_margin_mean": -0.10010891367028908,
        "test_margin_median": -0.07855124905128005,
        "source_norm": 87.76649210230246
      }
    },
    {
      "dataset": "cifar10_all10",
      "representation": "random_resnet18",
      "classes": 10,
      "binary": false,
      "feature_dim": 512,
      "test_tail_at_10pct": 0.7872042018475283,
      "test_tail_auc": 0.4245663633003352,
      "test_alignment": 0.08806631181167161,
      "test_mixing": 0.809,
      "test_local_entropy": 0.594532861723017,
      "test_graph_dirichlet": 0.9086645716919162,
      "test_graph_disagreement": 0.8177981145227249,
      "kernel_ridge": {
        "train_accuracy": 0.825,
        "test_accuracy": 0.3075,
        "train_margin_mean": 0.16298116905090063,
        "train_margin_median": 0.14692592854566872,
        "test_margin_mean": -0.08834936145181935,
        "test_margin_median": -0.0874691008752181,
        "source_norm": 248.07944979292338
      }
    },
    {
      "dataset": "cifar10_all10",
      "representation": "imagenet_resnet18",
      "classes": 10,
      "binary": false,
      "feature_dim": 512,
      "test_tail_at_10pct": 0.45044302312246354,
      "test_tail_auc": 0.22740676043047248,
      "test_alignment": 0.395122383640542,
      "test_mixing": 0.46825,
      "test_local_entropy": 0.39914082152656355,
      "test_graph_dirichlet": 0.5397225036427067,
      "test_graph_disagreement": 0.4857502532784362,
      "kernel_ridge": {
        "train_accuracy": 1.0,
        "test_accuracy": 0.765,
        "train_margin_mean": 0.5819743854464654,
        "train_margin_median": 0.5753961901531632,
        "test_margin_mean": 0.23987338830491556,
        "test_margin_median": 0.25078818494372374,
        "source_norm": 51.05842528077294
      }
    },
    {
      "dataset": "cifar10_animals6",
      "representation": "raw_pixels",
      "classes": 6,
      "binary": false,
      "feature_dim": 3072,